{
  "s01": {
    "monumentNo": "1",
    "monumentTitle": "Guardian Hawk (Sample)",
    "monumentSub": "Honmachi Area / Photo spot (Sample)",
    "monumentPhoto": "./images/placeholder.png",
    "area": "Honmachi Area",
    "questEligible": true,
    "is_pr": false,
    "challenge_piece": "",
    "family_piece": "",
    "artist": {
      "name": "Katsuhiko Chaen",
      "country": "Japan",
      "bio": "A sculptor experienced in sand sculpture. Known for dynamic forms and fine details. (Sample)",
      "photo": "./images/placeholder.png",
      "public_profile_ok": true
    },
    "concept": {
      "text": "A hawk watching over the town, created with wishes for safety and a successful festival. (Sample)",
      "modelName": "(Sample) Castle Name",
      "modelDesc": "Short notes about the model castle’s history and features. (Sample)",
      "modelPhoto": "./images/placeholder.png",
      "makingDesc": "Built from outline to details, refined to enhance light and shadow. (Sample)",
      "makingPhoto": "./images/placeholder.png"
    }
  }
}